label,login,password,lastname,firstname
user1,morenojeffery,start1,moreno,jeffery
user2,herreragloria,coyote,herrera,gloria
user3,halejeremy,building,hale,jeremy
user4,wheelercharles,trout,wheeler,charles
user5,jimenezjoy,passion,jimenez,joy
user6,medinaella,loose,medina,ella
user7,crawfordhugh,alyssa,crawford,hugh
user8,willisdanny,kelly,willis,danny
user9,dunnalicia,dave,dunn,alicia
user10,montgomeryarlene,federico,montgomery,arlene
user11,palmertyler,kkkkkkkk,palmer,tyler
user12,thomasdaryl,walmart,thomas,daryl
user13,weaverterrance,vampire,weaver,terrance
user14,gomezheidi,patriot,gomez,heidi
user15,chapmankim,thegame,chapman,kim
user16,neallucas,jericho,neal,lucas
user17,millerjudy,cabernet,miller,judy
user18,kuhnrichard,ffffff,kuhn,richard
user19,gutierrezanna,1011,gutierrez,anna
user20,armstrongandy,martha,armstrong,andy
user21,castillotravis,massage,castillo,travis
user22,burkeadrian,monaco,burke,adrian
user23,huntermaurice,cody,hunter,maurice
user24,brownbob,twister,brown,bob
user25,jimenezmason,maurice,jimenez,mason
user26,gordonleah,50spanks,gordon,leah
user27,whitenathan,antares,white,nathan
user28,hansongeorgia,roberto,hanson,georgia
user29,longkatrina,warrior1,long,katrina
user30,robertsonraymond,lakewood,robertson,raymond
user31,daviskim,best,davis,kim
user32,davidsonenrique,pokey,davidson,enrique
user33,myerslydia,martha,myers,lydia
user34,newmannoah,diablo,newman,noah
user35,austingabriel,truth,austin,gabriel
user36,mckinneykathryn,geezer,mckinney,kathryn
user37,carpenterzachary,christy,carpenter,zachary
user38,hansenmathew,voyager1,hansen,mathew
user39,silvafrederick,honeys,silva,frederick
user40,maytanya,amazing,may,tanya
user41,milesyolanda,chantal,miles,yolanda
user42,stanleymelanie,sentnece,stanley,melanie
user43,larsonramona,michigan,larson,ramona
user44,carpenterandre,copper,carpenter,andre
user45,flemingella,babylon,fleming,ella
user46,petersdeanna,girls1,peters,deanna
user47,robertsterri,12312312,roberts,terri
user48,olivermichael,anthrax,oliver,michael
user49,hendersonjosephine,soleil,henderson,josephine
user50,halerosemary,standard,hale,rosemary
